EmployeeID,Age,Gender,Department,YearsAtCompany,Education,ManagerID,JobRole
1001,50,Female,Marketing,9,Bachelors,220,Brand Manager
1002,36,Female,Operations,12,Bachelors,213,Operations Manager
1003,29,Female,R&D,9,Masters,204,R&D Scientist
1004,42,Male,Sales,7,Bachelors,205,Sales Manager
1005,40,Female,Operations,3,Bachelors,205,Process Analyst
1006,44,Male,Finance,3,Bachelors,229,Accountant
1007,32,Female,Operations,3,Masters,221,Process Analyst
1008,32,Male,Sales,5,Bachelors,229,Sales Executive
1009,45,Female,HR,6,Bachelors,217,HR Manager
1010,57,Male,Finance,5,Masters,213,Financial Analyst
1011,45,Male,HR,0,Masters,209,Recruiter
1012,24,Female,IT,11,Bachelors,213,DevOps Engineer
1013,43,Female,HR,7,Masters,212,HR Manager
1014,23,Female,IT,12,Bachelors,229,DevOps Engineer
1015,45,Female,IT,9,Bachelors,202,Software Engineer
1016,51,Male,HR,14,Bachelors,229,Recruiter
1017,59,Female,Finance,10,Bachelors,205,Accountant
1018,23,Male,Sales,12,Masters,228,Sales Manager
1019,42,Male,Operations,6,Bachelors,207,Operations Manager
1020,54,Female,Operations,5,Bachelors,211,Operations Manager
1021,33,Male,Sales,5,Masters,212,Sales Executive
1022,43,Male,R&D,4,Masters,210,R&D Scientist
1023,46,Male,R&D,5,Bachelors,211,Lab Engineer
1024,48,Male,IT,11,Masters,200,Software Engineer
1025,49,Female,IT,8,Bachelors,216,DevOps Engineer
1026,37,Female,Finance,9,Masters,215,Finance Manager
1027,36,Female,Marketing,8,Masters,210,Marketing Executive
1028,24,Female,HR,14,PhD,212,HR Manager
1029,58,Male,IT,9,Bachelors,217,DevOps Engineer
1030,28,Male,Operations,7,Bachelors,210,Logistics Coordinator
1031,42,Female,Finance,9,Bachelors,227,Financial Analyst
1032,30,Female,HR,8,Bachelors,211,HR Executive
1033,39,Female,Finance,12,Bachelors,205,Accountant
1034,25,Male,HR,9,Masters,208,HR Manager
1035,46,Female,HR,7,Bachelors,215,HR Manager
1036,35,Female,Sales,7,Bachelors,203,Sales Manager
1037,30,Female,IT,0,Masters,202,Software Engineer
1038,47,Male,Finance,9,Bachelors,227,Accountant
1039,23,Male,Finance,10,Masters,215,Financial Analyst
1040,41,Male,Sales,4,Bachelors,223,Sales Rep
1041,49,Male,Operations,3,Bachelors,226,Logistics Coordinator
1042,28,Male,Operations,1,Bachelors,225,Process Analyst
1043,29,Male,R&D,7,Bachelors,229,R&D Scientist
1044,56,Male,IT,2,Masters,224,Software Engineer
1045,35,Male,IT,3,Bachelors,211,System Analyst
1046,38,Female,Marketing,11,Bachelors,210,Marketing Executive
1047,57,Female,Sales,6,Bachelors,204,Sales Executive
1048,25,Male,Operations,9,Bachelors,224,Logistics Coordinator
1049,23,Male,HR,8,Masters,217,Recruiter
1050,27,Female,Finance,1,Bachelors,218,Finance Manager
1051,25,Male,IT,2,Masters,222,Software Engineer
1052,50,Male,Finance,3,PhD,222,Financial Analyst
1053,39,Male,Finance,9,Bachelors,205,Finance Manager
1054,47,Female,Marketing,0,Masters,221,Marketing Executive
1055,55,Female,Operations,6,Bachelors,217,Process Analyst
1056,31,Female,IT,1,Bachelors,225,DevOps Engineer
1057,57,Female,Finance,4,Bachelors,205,Finance Manager
1058,35,Female,IT,14,Masters,203,Software Engineer
1059,52,Male,HR,0,PhD,211,HR Manager
1060,36,Female,Marketing,2,Bachelors,218,Marketing Executive
1061,29,Male,HR,11,Masters,228,HR Manager
1062,35,Male,IT,1,Bachelors,226,System Analyst
1063,44,Female,R&D,0,Bachelors,228,Lab Engineer
1064,42,Female,IT,6,Bachelors,201,DevOps Engineer
1065,37,Male,Operations,4,PhD,216,Logistics Coordinator
1066,39,Male,Finance,0,Masters,210,Finance Manager
1067,45,Male,Finance,5,Bachelors,210,Finance Manager
1068,47,Female,HR,4,Bachelors,220,HR Executive
1069,46,Female,Marketing,14,Bachelors,215,Brand Manager
1070,50,Female,R&D,2,Bachelors,201,R&D Scientist
1071,36,Female,Sales,11,Bachelors,201,Sales Executive
1072,22,Female,Finance,6,Masters,222,Financial Analyst
1073,46,Male,Operations,10,Bachelors,207,Logistics Coordinator
1074,28,Female,HR,9,Bachelors,212,HR Manager
1075,30,Male,HR,8,Bachelors,209,Recruiter
1076,45,Male,Sales,13,Masters,207,Sales Rep
1077,22,Male,Operations,12,Masters,229,Logistics Coordinator
1078,29,Female,Marketing,12,Bachelors,203,SEO Specialist
1079,45,Female,Operations,8,Masters,214,Process Analyst
1080,32,Female,Marketing,13,Bachelors,229,SEO Specialist
1081,38,Male,Operations,8,Bachelors,200,Logistics Coordinator
1082,29,Male,Operations,1,Bachelors,210,Operations Manager
1083,56,Male,IT,2,Bachelors,206,DevOps Engineer
1084,56,Male,HR,6,Bachelors,216,HR Manager
1085,54,Male,Operations,4,Masters,226,Logistics Coordinator
1086,26,Male,Sales,1,Masters,219,Sales Rep
1087,49,Female,Operations,2,Masters,223,Logistics Coordinator
1088,28,Female,Finance,9,Bachelors,217,Finance Manager
1089,30,Female,HR,5,Bachelors,221,Recruiter
1090,29,Female,Finance,12,Masters,228,Accountant
1091,33,Male,HR,6,Bachelors,221,Recruiter
1092,55,Male,Finance,8,Bachelors,211,Financial Analyst
1093,54,Female,Operations,0,Bachelors,208,Logistics Coordinator
1094,44,Male,Operations,10,Masters,204,Logistics Coordinator
1095,45,Female,IT,6,Bachelors,209,DevOps Engineer
1096,58,Female,Sales,7,Bachelors,203,Sales Executive
1097,56,Female,Finance,11,Masters,204,Financial Analyst
1098,43,Male,Marketing,13,Bachelors,227,SEO Specialist
1099,48,Female,IT,2,Bachelors,227,DevOps Engineer
1100,56,Female,Finance,3,Bachelors,209,Accountant
1101,22,Female,Finance,9,Bachelors,210,Accountant
1102,56,Male,IT,5,Masters,220,System Analyst
1103,58,Male,Operations,9,Bachelors,223,Logistics Coordinator
1104,35,Female,Finance,6,Bachelors,209,Finance Manager
1105,24,Male,Operations,12,Masters,227,Operations Manager
1106,22,Male,IT,13,Masters,207,Software Engineer
1107,26,Male,Operations,3,Masters,201,Process Analyst
1108,47,Male,HR,7,Bachelors,222,Recruiter
1109,35,Male,Marketing,4,Bachelors,207,SEO Specialist
1110,48,Male,R&D,0,PhD,215,Research Associate
1111,30,Male,Finance,3,Masters,226,Finance Manager
1112,36,Male,Sales,2,Bachelors,221,Sales Manager
1113,36,Male,Marketing,8,Bachelors,204,SEO Specialist
1114,47,Male,R&D,7,Bachelors,226,Lab Engineer
1115,34,Female,Operations,0,Masters,224,Operations Manager
1116,53,Female,Finance,10,Bachelors,228,Accountant
1117,53,Male,Operations,5,Bachelors,202,Operations Manager
1118,25,Female,HR,8,Bachelors,211,Recruiter
1119,51,Female,IT,6,Masters,212,DevOps Engineer
1120,58,Male,Finance,3,Masters,212,Financial Analyst
1121,44,Male,R&D,12,Bachelors,209,Lab Engineer
1122,36,Male,R&D,0,Masters,203,R&D Scientist
1123,50,Female,HR,11,PhD,208,Recruiter
1124,57,Female,HR,1,Bachelors,221,Recruiter
1125,34,Male,Finance,11,Bachelors,223,Finance Manager
1126,53,Male,Operations,4,Bachelors,222,Logistics Coordinator
1127,28,Male,Sales,11,Masters,226,Sales Manager
1128,43,Female,R&D,10,Bachelors,201,R&D Scientist
1129,49,Female,R&D,4,Masters,218,Lab Engineer
1130,23,Female,HR,7,Masters,200,Recruiter
1131,27,Female,Marketing,5,Bachelors,224,Marketing Executive
1132,49,Male,HR,7,Masters,228,Recruiter
1133,49,Male,Sales,1,Bachelors,206,Sales Manager
1134,41,Male,Operations,2,Bachelors,216,Logistics Coordinator
1135,51,Male,Operations,5,Masters,202,Process Analyst
1136,32,Female,Marketing,11,Masters,219,Brand Manager
1137,49,Female,R&D,12,Bachelors,219,Lab Engineer
1138,46,Male,HR,9,Masters,220,Recruiter
1139,54,Male,Operations,2,Masters,229,Logistics Coordinator
1140,22,Female,Sales,5,Bachelors,202,Sales Executive
1141,48,Male,Finance,5,PhD,202,Finance Manager
1142,34,Female,IT,1,Bachelors,216,System Analyst
1143,24,Male,IT,6,Bachelors,206,System Analyst
1144,27,Male,IT,11,Bachelors,226,DevOps Engineer
1145,29,Male,R&D,1,Masters,225,Lab Engineer
1146,48,Male,HR,5,Masters,213,HR Executive
1147,30,Male,Marketing,0,Bachelors,216,SEO Specialist
1148,58,Male,Operations,2,Bachelors,217,Operations Manager
1149,54,Male,Finance,1,Masters,212,Accountant
1150,45,Female,Sales,6,Bachelors,219,Sales Executive
1151,36,Female,Finance,13,Masters,228,Financial Analyst
1152,53,Female,Sales,3,Masters,219,Sales Executive
1153,53,Female,R&D,7,Bachelors,220,Research Associate
1154,45,Female,HR,5,PhD,226,Recruiter
1155,33,Male,IT,11,Bachelors,217,Software Engineer
1156,23,Male,HR,9,PhD,203,HR Manager
1157,24,Female,R&D,3,Masters,200,R&D Scientist
1158,58,Male,Marketing,4,Masters,217,SEO Specialist
1159,38,Female,Marketing,12,Bachelors,200,Brand Manager
1160,23,Female,R&D,12,Masters,225,R&D Scientist
1161,23,Male,Sales,14,Bachelors,225,Sales Rep
1162,49,Male,Operations,14,Bachelors,212,Logistics Coordinator
1163,44,Male,Operations,8,Bachelors,219,Logistics Coordinator
1164,58,Female,Sales,6,Bachelors,219,Sales Manager
1165,53,Male,Marketing,9,Bachelors,222,SEO Specialist
1166,54,Female,Marketing,13,Masters,209,SEO Specialist
1167,22,Female,Marketing,13,Masters,226,Marketing Executive
1168,40,Female,HR,8,Bachelors,210,Recruiter
1169,23,Male,Marketing,6,Masters,208,SEO Specialist
1170,47,Male,Finance,11,Bachelors,208,Finance Manager
1171,53,Female,IT,0,Masters,204,Software Engineer
1172,27,Male,Marketing,11,Masters,225,Brand Manager
1173,53,Male,Sales,7,Bachelors,200,Sales Executive
1174,25,Male,IT,3,Masters,216,DevOps Engineer
1175,32,Female,HR,2,Bachelors,221,Recruiter
1176,38,Female,Sales,13,Bachelors,201,Sales Manager
1177,59,Male,IT,12,Masters,223,System Analyst
1178,45,Female,Sales,6,Bachelors,212,Sales Rep
1179,26,Male,HR,11,Bachelors,208,HR Executive
1180,55,Male,Finance,2,Bachelors,228,Accountant
1181,27,Male,HR,7,Masters,203,Recruiter
1182,43,Male,HR,5,Bachelors,204,HR Executive
1183,32,Female,Sales,4,Bachelors,210,Sales Executive
1184,37,Female,R&D,3,Masters,223,R&D Scientist
1185,54,Female,Operations,7,Masters,218,Logistics Coordinator
1186,30,Male,Marketing,7,Bachelors,220,Marketing Executive
1187,27,Male,Marketing,11,Bachelors,202,SEO Specialist
1188,37,Male,Finance,0,Bachelors,211,Accountant
1189,50,Female,Finance,8,Bachelors,225,Finance Manager
1190,24,Male,Marketing,13,Bachelors,218,SEO Specialist
1191,41,Female,Operations,4,Masters,218,Operations Manager
1192,57,Female,Marketing,3,Masters,212,Marketing Executive
1193,40,Female,R&D,5,Masters,227,R&D Scientist
1194,47,Female,Operations,5,Bachelors,206,Operations Manager
1195,24,Female,Finance,1,Masters,214,Financial Analyst
1196,40,Female,IT,7,Bachelors,222,DevOps Engineer
1197,41,Male,Sales,6,PhD,206,Sales Rep
1198,53,Male,R&D,0,Masters,225,Lab Engineer
1199,28,Female,R&D,4,Bachelors,207,R&D Scientist
1200,54,Female,Finance,11,Masters,204,Finance Manager
1201,39,Male,Finance,5,Bachelors,220,Accountant
1202,22,Female,HR,3,Masters,213,HR Executive
1203,32,Female,R&D,1,Bachelors,203,Lab Engineer
1204,49,Male,HR,12,Bachelors,222,Recruiter
1205,46,Female,HR,13,Masters,209,Recruiter
1206,44,Female,Sales,3,Bachelors,219,Sales Rep
1207,52,Female,HR,0,Masters,214,HR Manager
1208,51,Male,Operations,6,Bachelors,217,Operations Manager
1209,56,Male,Marketing,1,Masters,219,Marketing Executive
1210,28,Male,IT,12,Masters,212,System Analyst
1211,37,Female,Finance,1,Bachelors,228,Finance Manager
1212,47,Female,Operations,8,Bachelors,207,Operations Manager
1213,23,Male,IT,4,Bachelors,208,Software Engineer
1214,22,Female,R&D,1,Bachelors,215,Research Associate
1215,33,Female,R&D,10,Bachelors,218,Lab Engineer
1216,26,Female,R&D,8,Masters,215,Research Associate
1217,58,Female,Operations,8,Masters,206,Operations Manager
1218,53,Female,Operations,0,Masters,213,Process Analyst
1219,30,Male,Finance,10,Masters,227,Financial Analyst
1220,56,Female,Marketing,2,Masters,213,Brand Manager
1221,40,Male,HR,3,Masters,224,Recruiter
1222,37,Female,R&D,13,Bachelors,226,R&D Scientist
1223,24,Male,Sales,6,Masters,203,Sales Rep
1224,41,Female,Marketing,9,Masters,225,SEO Specialist
1225,45,Male,Sales,3,Bachelors,214,Sales Executive
1226,54,Female,Finance,1,Bachelors,202,Financial Analyst
1227,45,Male,Finance,6,Bachelors,204,Financial Analyst
1228,32,Female,Finance,5,Bachelors,200,Finance Manager
1229,29,Male,IT,2,Masters,202,DevOps Engineer
1230,57,Female,Sales,5,Bachelors,214,Sales Executive
1231,59,Male,Marketing,10,Bachelors,223,Brand Manager
1232,41,Male,Marketing,14,PhD,226,Marketing Executive
1233,56,Female,Operations,5,Bachelors,207,Logistics Coordinator
1234,46,Female,Operations,11,Bachelors,228,Logistics Coordinator
1235,56,Male,R&D,4,Bachelors,203,Research Associate
1236,46,Female,Operations,3,Masters,201,Operations Manager
1237,50,Male,Finance,9,Masters,228,Finance Manager
1238,39,Male,Marketing,11,Bachelors,223,Brand Manager
1239,39,Male,Sales,14,Masters,223,Sales Executive
1240,23,Female,Finance,0,Bachelors,209,Financial Analyst
1241,56,Male,IT,9,Masters,203,Software Engineer
1242,37,Male,Operations,5,Masters,202,Process Analyst
1243,57,Female,Finance,1,Masters,201,Finance Manager
1244,54,Female,Finance,12,Bachelors,224,Financial Analyst
1245,25,Female,IT,2,PhD,216,System Analyst
1246,54,Female,HR,13,Masters,222,HR Manager
1247,35,Male,Marketing,7,Bachelors,220,Brand Manager
1248,42,Male,Sales,9,Masters,223,Sales Executive
1249,41,Male,R&D,13,Bachelors,219,R&D Scientist
1250,29,Male,HR,13,Masters,222,HR Manager
1251,28,Female,Operations,5,Bachelors,212,Process Analyst
1252,24,Male,Finance,2,Masters,204,Accountant
1253,38,Male,IT,6,Bachelors,229,System Analyst
1254,54,Female,IT,3,Bachelors,220,Software Engineer
1255,33,Male,Marketing,13,Bachelors,229,Marketing Executive
1256,43,Male,HR,8,Bachelors,208,HR Manager
1257,43,Male,R&D,14,Bachelors,224,Research Associate
1258,51,Male,Marketing,4,Bachelors,228,SEO Specialist
1259,59,Male,Finance,2,Bachelors,224,Financial Analyst
1260,59,Male,Marketing,1,Bachelors,227,Marketing Executive
1261,29,Female,Sales,10,Bachelors,221,Sales Executive
1262,48,Female,IT,1,Masters,205,System Analyst
1263,48,Male,IT,2,Bachelors,204,Software Engineer
1264,55,Male,Operations,1,Masters,224,Logistics Coordinator
1265,42,Female,Operations,13,Masters,209,Logistics Coordinator
1266,51,Male,R&D,3,Masters,207,Research Associate
1267,54,Male,Finance,1,Bachelors,206,Financial Analyst
1268,49,Male,Sales,9,Masters,206,Sales Manager
1269,54,Female,HR,8,Bachelors,205,HR Manager
1270,26,Male,Marketing,1,Bachelors,220,Brand Manager
1271,40,Female,R&D,8,Bachelors,228,Lab Engineer
1272,25,Male,Finance,12,Masters,219,Financial Analyst
1273,56,Female,Operations,5,Bachelors,202,Logistics Coordinator
1274,38,Female,Marketing,0,Bachelors,218,Brand Manager
1275,49,Male,Operations,3,PhD,221,Process Analyst
1276,51,Female,Marketing,14,Masters,214,SEO Specialist
1277,50,Male,HR,13,Bachelors,203,Recruiter
1278,27,Female,Finance,0,Bachelors,227,Financial Analyst
1279,56,Male,Marketing,13,Masters,211,SEO Specialist
1280,58,Male,Sales,5,Bachelors,205,Sales Executive
1281,45,Female,R&D,13,Bachelors,218,Research Associate
1282,50,Male,IT,12,Bachelors,203,System Analyst
1283,52,Male,Sales,3,Masters,214,Sales Rep
1284,56,Female,Sales,2,Masters,208,Sales Rep
1285,54,Male,R&D,2,Masters,204,Research Associate
1286,42,Male,IT,8,Masters,212,DevOps Engineer
1287,53,Female,Sales,5,Bachelors,222,Sales Manager
1288,44,Female,Marketing,8,Bachelors,225,Marketing Executive
1289,54,Male,Marketing,12,Bachelors,217,Brand Manager
1290,24,Male,Marketing,4,Bachelors,229,SEO Specialist
1291,39,Female,IT,1,Bachelors,229,System Analyst
1292,46,Female,Sales,7,Masters,204,Sales Manager
1293,52,Male,IT,4,Masters,224,Software Engineer
1294,24,Female,Marketing,1,Masters,215,Brand Manager
1295,45,Male,R&D,3,Bachelors,226,R&D Scientist
1296,53,Male,Sales,8,Masters,218,Sales Rep
1297,43,Male,Sales,14,Masters,213,Sales Rep
1298,44,Male,Operations,3,Bachelors,224,Process Analyst
1299,23,Male,Operations,12,Masters,229,Logistics Coordinator
1300,48,Female,HR,11,Bachelors,215,HR Manager
1301,23,Female,Finance,11,Bachelors,226,Accountant
1302,47,Female,Operations,11,Bachelors,214,Logistics Coordinator
1303,38,Female,IT,12,Bachelors,221,DevOps Engineer
1304,54,Male,Operations,14,Bachelors,203,Process Analyst
1305,30,Male,HR,13,Masters,206,HR Executive
1306,50,Male,Sales,3,PhD,215,Sales Executive
1307,47,Male,HR,1,Masters,223,Recruiter
1308,56,Female,Sales,12,Masters,221,Sales Rep
1309,46,Male,R&D,11,Bachelors,220,Research Associate
1310,45,Male,R&D,14,Masters,221,R&D Scientist
1311,34,Female,Sales,5,Bachelors,220,Sales Manager
1312,28,Female,Finance,12,Bachelors,207,Financial Analyst
1313,57,Female,Operations,10,Bachelors,216,Operations Manager
1314,41,Female,IT,13,Bachelors,215,System Analyst
1315,22,Male,IT,1,Bachelors,226,System Analyst
1316,29,Male,Marketing,11,Bachelors,222,SEO Specialist
1317,37,Female,Sales,6,Bachelors,209,Sales Manager
1318,35,Male,IT,2,PhD,209,Software Engineer
1319,33,Male,Finance,14,Bachelors,226,Accountant
1320,44,Male,Sales,2,Bachelors,201,Sales Rep
1321,36,Female,Finance,4,Bachelors,229,Finance Manager
1322,49,Male,IT,2,Masters,208,Software Engineer
1323,55,Female,IT,1,Bachelors,216,System Analyst
1324,23,Male,Marketing,9,Bachelors,210,Marketing Executive
1325,53,Male,IT,8,Bachelors,209,System Analyst
1326,44,Male,Sales,1,Bachelors,221,Sales Executive
1327,43,Female,R&D,13,Bachelors,224,Lab Engineer
1328,46,Male,Sales,10,Bachelors,216,Sales Rep
1329,43,Female,Sales,1,Bachelors,203,Sales Manager
1330,43,Female,Marketing,12,Bachelors,215,Marketing Executive
1331,27,Female,Marketing,14,Bachelors,219,SEO Specialist
1332,36,Male,IT,7,Masters,214,Software Engineer
1333,58,Male,HR,14,Bachelors,224,HR Executive
1334,54,Male,HR,8,Bachelors,226,HR Executive
1335,29,Male,Marketing,6,Bachelors,220,SEO Specialist
1336,26,Female,IT,2,Masters,204,DevOps Engineer
1337,25,Female,HR,8,Bachelors,205,HR Executive
1338,27,Female,IT,2,Bachelors,216,Software Engineer
1339,53,Male,IT,4,Masters,200,DevOps Engineer
1340,51,Female,IT,8,Bachelors,224,DevOps Engineer
1341,56,Male,Operations,11,Bachelors,218,Logistics Coordinator
1342,37,Female,Sales,13,Bachelors,203,Sales Executive
1343,34,Male,IT,13,Masters,216,System Analyst
1344,51,Male,Operations,2,Bachelors,208,Operations Manager
1345,40,Female,Marketing,6,Masters,223,SEO Specialist
1346,38,Female,HR,11,PhD,201,HR Manager
1347,40,Female,Sales,0,Bachelors,207,Sales Manager
1348,49,Female,R&D,3,Bachelors,214,R&D Scientist
1349,47,Male,HR,3,Bachelors,206,HR Executive
1350,58,Female,Sales,6,Bachelors,226,Sales Rep
1351,47,Female,R&D,7,Bachelors,205,R&D Scientist
1352,44,Female,HR,0,Masters,200,Recruiter
1353,30,Male,Sales,4,Masters,214,Sales Manager
1354,33,Male,HR,6,Masters,222,HR Executive
1355,22,Female,HR,11,Bachelors,225,HR Manager
1356,22,Male,R&D,3,Masters,206,R&D Scientist
1357,55,Female,HR,12,PhD,228,HR Executive
1358,53,Male,HR,3,Masters,229,Recruiter
1359,46,Male,R&D,3,Bachelors,224,Lab Engineer
1360,22,Male,Marketing,11,Masters,216,Brand Manager
1361,37,Male,IT,5,Bachelors,201,DevOps Engineer
1362,26,Female,Finance,6,Bachelors,226,Finance Manager
1363,43,Female,Operations,1,Bachelors,208,Operations Manager
1364,50,Female,Finance,14,Masters,228,Financial Analyst
1365,24,Male,Finance,4,Masters,208,Financial Analyst
1366,33,Female,Sales,3,Bachelors,212,Sales Manager
1367,47,Female,IT,14,Bachelors,205,System Analyst
1368,37,Female,Sales,13,Bachelors,205,Sales Manager
1369,58,Male,IT,12,Bachelors,219,Software Engineer
1370,43,Male,R&D,2,Bachelors,219,R&D Scientist
1371,50,Male,R&D,6,Bachelors,220,Lab Engineer
1372,35,Female,IT,10,Masters,202,Software Engineer
1373,49,Female,HR,11,Bachelors,216,HR Manager
1374,26,Female,Marketing,5,Bachelors,216,SEO Specialist
1375,51,Male,HR,13,Bachelors,211,HR Executive
1376,26,Male,Marketing,6,Masters,215,Brand Manager
1377,33,Female,Sales,4,Masters,214,Sales Manager
1378,37,Male,Marketing,12,Masters,212,Marketing Executive
1379,47,Male,Sales,5,Bachelors,222,Sales Executive
1380,47,Male,R&D,4,Bachelors,200,R&D Scientist
1381,42,Male,Finance,13,Bachelors,216,Financial Analyst
1382,57,Female,R&D,6,Masters,202,R&D Scientist
1383,54,Male,R&D,1,Masters,225,Lab Engineer
1384,51,Male,Finance,13,Masters,214,Finance Manager
1385,58,Male,Marketing,10,Masters,203,SEO Specialist
1386,44,Male,Marketing,4,Masters,203,SEO Specialist
1387,31,Female,Sales,5,Bachelors,217,Sales Manager
1388,26,Female,HR,5,Masters,216,HR Executive
1389,57,Male,Sales,14,Bachelors,218,Sales Manager
1390,55,Male,HR,4,Bachelors,210,Recruiter
1391,52,Male,R&D,9,Bachelors,219,Lab Engineer
1392,31,Male,Finance,6,Bachelors,202,Accountant
1393,40,Male,R&D,9,Bachelors,207,Research Associate
1394,53,Male,IT,7,Bachelors,213,DevOps Engineer
1395,22,Female,Marketing,6,Bachelors,225,Brand Manager
1396,26,Male,HR,4,Bachelors,200,HR Manager
1397,25,Female,Sales,0,Bachelors,213,Sales Executive
1398,37,Female,Finance,12,Bachelors,201,Financial Analyst
1399,45,Male,HR,4,Bachelors,228,HR Manager
1400,37,Female,Sales,9,Bachelors,222,Sales Manager
1401,23,Female,Marketing,1,Masters,203,Brand Manager
1402,49,Female,R&D,12,Masters,223,Research Associate
1403,53,Female,Marketing,4,Masters,226,Marketing Executive
1404,48,Female,Operations,4,Masters,228,Operations Manager
1405,41,Female,IT,1,Bachelors,218,Software Engineer
1406,45,Male,Operations,4,Masters,205,Logistics Coordinator
1407,33,Female,Finance,12,Bachelors,224,Accountant
1408,56,Female,HR,3,Bachelors,200,HR Manager
1409,54,Female,Finance,0,Masters,216,Finance Manager
1410,54,Male,R&D,2,Bachelors,207,Lab Engineer
1411,58,Female,Sales,0,Masters,218,Sales Rep
1412,33,Male,Marketing,11,Masters,220,Marketing Executive
1413,24,Female,Operations,10,Masters,200,Process Analyst
1414,22,Male,Operations,14,Masters,204,Process Analyst
1415,54,Male,R&D,4,Bachelors,226,Research Associate
1416,31,Female,Operations,3,Bachelors,215,Process Analyst
1417,50,Female,R&D,6,Bachelors,205,Lab Engineer
1418,34,Male,Finance,4,Bachelors,207,Accountant
1419,33,Female,Marketing,9,Masters,212,Brand Manager
1420,52,Male,HR,13,Masters,215,HR Manager
1421,23,Male,Sales,3,Masters,229,Sales Executive
1422,56,Male,HR,1,Bachelors,202,HR Manager
1423,44,Male,Finance,3,Bachelors,218,Financial Analyst
1424,38,Male,Sales,11,Bachelors,211,Sales Manager
1425,47,Female,Operations,1,Bachelors,215,Operations Manager
1426,29,Male,IT,7,Masters,226,Software Engineer
1427,50,Male,Finance,2,Bachelors,210,Finance Manager
1428,47,Female,Finance,8,Bachelors,209,Financial Analyst
1429,31,Male,Marketing,12,Bachelors,224,Marketing Executive
1430,47,Female,HR,3,Masters,219,HR Manager
1431,55,Female,Finance,12,Masters,203,Accountant
1432,28,Female,Finance,5,Bachelors,211,Accountant
1433,25,Male,Operations,9,Bachelors,222,Process Analyst
1434,32,Male,Operations,4,Bachelors,201,Operations Manager
1435,50,Male,Sales,9,Bachelors,223,Sales Manager
1436,57,Female,R&D,12,Masters,221,R&D Scientist
1437,46,Male,R&D,0,Masters,218,Lab Engineer
1438,42,Female,IT,8,Bachelors,224,System Analyst
1439,57,Male,R&D,0,Bachelors,204,Research Associate
1440,31,Female,Marketing,7,PhD,207,Brand Manager
1441,58,Male,IT,8,Bachelors,206,System Analyst
1442,30,Male,Sales,8,Masters,213,Sales Rep
1443,45,Male,Operations,0,Bachelors,223,Logistics Coordinator
1444,56,Female,R&D,1,Bachelors,222,Research Associate
1445,56,Female,HR,11,Bachelors,202,HR Manager
1446,57,Male,Operations,12,Bachelors,217,Operations Manager
1447,39,Male,Marketing,0,PhD,215,SEO Specialist
1448,53,Female,Operations,9,Bachelors,222,Process Analyst
1449,45,Female,Marketing,1,Bachelors,218,SEO Specialist
1450,44,Female,Marketing,9,Bachelors,218,SEO Specialist
1451,53,Male,Marketing,11,Bachelors,217,Brand Manager
1452,58,Female,Sales,7,Bachelors,219,Sales Rep
1453,33,Male,Marketing,4,Bachelors,215,Marketing Executive
1454,34,Female,Marketing,11,Masters,207,SEO Specialist
1455,44,Male,HR,10,Bachelors,227,Recruiter
1456,46,Female,IT,6,Bachelors,200,Software Engineer
1457,56,Female,Finance,1,Masters,216,Accountant
1458,51,Female,IT,7,Bachelors,211,DevOps Engineer
1459,38,Female,Marketing,10,PhD,229,Marketing Executive
1460,41,Female,HR,5,Bachelors,220,HR Manager
1461,46,Male,Operations,7,Masters,210,Logistics Coordinator
1462,43,Female,HR,0,Masters,204,HR Manager
1463,34,Female,Marketing,14,Masters,226,Brand Manager
1464,40,Female,HR,0,PhD,211,HR Executive
1465,57,Male,R&D,11,Bachelors,216,Lab Engineer
1466,33,Female,HR,6,PhD,205,Recruiter
1467,40,Male,Marketing,7,Bachelors,200,Brand Manager
1468,33,Female,Sales,12,Bachelors,204,Sales Rep
1469,30,Female,R&D,2,Bachelors,224,Lab Engineer
1470,28,Male,HR,4,Bachelors,227,HR Manager
1471,49,Female,Finance,11,Bachelors,213,Financial Analyst
1472,35,Male,Finance,0,Bachelors,204,Finance Manager
1473,52,Male,HR,6,Bachelors,221,Recruiter
1474,40,Female,Sales,4,Masters,223,Sales Manager
1475,37,Male,Operations,7,Masters,226,Process Analyst
1476,26,Female,Marketing,12,Bachelors,200,Marketing Executive
1477,56,Female,Finance,7,Bachelors,229,Accountant
1478,33,Male,Operations,8,Bachelors,217,Process Analyst
1479,46,Male,HR,6,Bachelors,215,HR Manager
1480,42,Male,Operations,10,Bachelors,208,Process Analyst
1481,57,Male,R&D,0,Bachelors,218,R&D Scientist
1482,44,Female,IT,12,Bachelors,221,Software Engineer
1483,37,Female,Finance,2,PhD,204,Accountant
1484,35,Male,HR,7,Bachelors,226,HR Manager
1485,52,Female,Marketing,2,Bachelors,201,SEO Specialist
1486,26,Female,Sales,7,Bachelors,229,Sales Manager
1487,56,Female,R&D,0,Bachelors,214,Lab Engineer
1488,44,Female,HR,4,Bachelors,206,HR Manager
1489,50,Male,Marketing,3,Masters,203,SEO Specialist
1490,32,Male,Sales,4,Bachelors,200,Sales Executive
1491,39,Female,Sales,7,Bachelors,212,Sales Executive
1492,33,Male,HR,9,PhD,219,Recruiter
1493,30,Male,R&D,14,Masters,221,R&D Scientist
1494,31,Male,Operations,13,Masters,206,Operations Manager
1495,38,Female,Operations,3,Bachelors,214,Operations Manager
1496,59,Female,Sales,10,Masters,222,Sales Executive
1497,28,Female,Operations,3,Bachelors,213,Operations Manager
1498,34,Male,IT,14,Bachelors,222,DevOps Engineer
1499,30,Female,Sales,2,Bachelors,218,Sales Rep
1500,48,Female,Sales,6,Bachelors,221,Sales Executive
1501,23,Male,Marketing,2,Bachelors,228,Marketing Executive
1502,26,Female,Operations,11,Bachelors,223,Process Analyst
1503,50,Female,R&D,2,PhD,219,Lab Engineer
1504,58,Male,Sales,10,Masters,228,Sales Rep
1505,59,Male,R&D,9,Masters,223,Research Associate
1506,40,Male,IT,4,Bachelors,217,System Analyst
1507,29,Female,Marketing,4,Masters,209,Brand Manager
1508,22,Female,HR,13,Bachelors,208,Recruiter
1509,43,Female,R&D,5,Masters,224,Lab Engineer
1510,38,Male,Sales,7,Bachelors,207,Sales Rep
1511,28,Male,IT,9,Masters,225,Software Engineer
1512,46,Female,Finance,5,Bachelors,229,Finance Manager
1513,25,Female,IT,14,Masters,228,System Analyst
1514,57,Male,IT,11,Masters,209,System Analyst
1515,27,Male,Marketing,0,Bachelors,216,Brand Manager
1516,52,Male,HR,14,Bachelors,201,Recruiter
1517,40,Male,Finance,7,PhD,205,Accountant
1518,48,Female,Operations,7,Bachelors,225,Logistics Coordinator
1519,31,Male,Operations,8,Masters,204,Logistics Coordinator
1520,47,Female,R&D,8,Bachelors,227,Lab Engineer
1521,40,Female,IT,1,Bachelors,229,System Analyst
1522,24,Female,Marketing,14,Bachelors,208,Marketing Executive
1523,34,Male,Marketing,1,Bachelors,204,Marketing Executive
1524,49,Male,Operations,2,Masters,217,Logistics Coordinator
1525,41,Male,R&D,0,Bachelors,225,Lab Engineer
1526,49,Male,R&D,3,Bachelors,219,Research Associate
1527,29,Female,R&D,13,Bachelors,208,Lab Engineer
1528,22,Male,Finance,3,Bachelors,216,Financial Analyst
1529,24,Male,HR,13,Masters,226,HR Manager
1530,34,Female,Finance,8,PhD,216,Accountant
1531,49,Male,Sales,8,Bachelors,211,Sales Executive
1532,46,Female,Sales,8,Masters,206,Sales Executive
1533,54,Female,HR,9,Masters,226,HR Manager
1534,59,Female,Operations,6,Bachelors,202,Operations Manager
1535,27,Female,HR,13,PhD,209,HR Executive
1536,53,Female,Marketing,14,Bachelors,201,SEO Specialist
1537,42,Female,Sales,1,Bachelors,224,Sales Executive
1538,37,Female,IT,9,Masters,202,DevOps Engineer
1539,42,Female,IT,4,Bachelors,215,DevOps Engineer
1540,32,Male,Operations,3,Masters,201,Operations Manager
1541,58,Male,Marketing,11,Masters,227,Marketing Executive
1542,57,Male,Finance,10,Bachelors,223,Financial Analyst
1543,56,Male,Marketing,7,Masters,209,SEO Specialist
1544,40,Female,IT,1,Bachelors,205,Software Engineer
1545,41,Male,IT,5,Bachelors,221,Software Engineer
1546,39,Female,Sales,12,Masters,225,Sales Manager
1547,35,Male,Marketing,4,Masters,210,Brand Manager
1548,36,Male,Marketing,14,Bachelors,222,Brand Manager
1549,52,Male,IT,11,Bachelors,206,Software Engineer
1550,22,Female,Finance,1,Masters,226,Accountant
1551,24,Male,Operations,10,Masters,228,Process Analyst
1552,37,Female,R&D,9,Masters,214,R&D Scientist
1553,44,Female,Operations,14,Bachelors,205,Process Analyst
1554,32,Male,Marketing,0,Bachelors,219,SEO Specialist
1555,33,Male,Operations,7,Bachelors,226,Operations Manager
1556,31,Male,IT,1,Masters,208,Software Engineer
1557,53,Female,IT,6,Bachelors,221,System Analyst
1558,37,Male,Marketing,8,Bachelors,219,Brand Manager
1559,29,Female,Marketing,8,PhD,211,SEO Specialist
1560,59,Female,R&D,7,Bachelors,218,Research Associate
1561,33,Male,R&D,10,PhD,219,R&D Scientist
1562,45,Male,Sales,13,Masters,202,Sales Manager
1563,49,Female,Marketing,11,Masters,214,Marketing Executive
1564,29,Female,Finance,9,Bachelors,201,Financial Analyst
1565,49,Female,Operations,8,Bachelors,229,Operations Manager
1566,57,Male,Marketing,1,Masters,220,SEO Specialist
1567,47,Female,HR,5,Masters,201,HR Manager
1568,29,Male,Sales,3,Masters,221,Sales Executive
1569,49,Female,HR,13,Bachelors,202,HR Executive
1570,49,Female,IT,3,Masters,205,DevOps Engineer
1571,58,Male,R&D,4,Masters,214,Lab Engineer
1572,57,Female,Operations,11,Masters,226,Operations Manager
1573,48,Male,Marketing,2,Masters,209,SEO Specialist
1574,38,Male,HR,13,Masters,208,Recruiter
1575,30,Female,Operations,0,Masters,200,Operations Manager
1576,54,Male,IT,7,Bachelors,215,System Analyst
1577,41,Male,R&D,4,Bachelors,205,Research Associate
1578,34,Female,Finance,2,Bachelors,208,Accountant
1579,49,Male,Sales,9,Bachelors,226,Sales Manager
1580,50,Male,Operations,13,Bachelors,203,Process Analyst
1581,34,Male,Operations,6,Bachelors,226,Logistics Coordinator
1582,56,Female,Finance,6,Bachelors,227,Financial Analyst
1583,27,Male,Operations,0,Bachelors,201,Process Analyst
1584,39,Female,IT,11,Masters,228,Software Engineer
1585,26,Female,IT,8,Masters,203,System Analyst
1586,46,Male,Finance,14,Bachelors,200,Finance Manager
1587,23,Male,Sales,1,PhD,218,Sales Rep
1588,31,Male,Marketing,4,Bachelors,225,Brand Manager
1589,51,Female,HR,12,Bachelors,224,Recruiter
1590,26,Male,Marketing,13,Bachelors,209,Marketing Executive
1591,54,Male,Operations,4,Bachelors,220,Logistics Coordinator
1592,22,Male,HR,13,Masters,214,Recruiter
1593,39,Male,Finance,7,Masters,226,Finance Manager
1594,53,Male,Finance,13,Bachelors,221,Finance Manager
1595,32,Female,Sales,7,Bachelors,218,Sales Executive
1596,42,Female,HR,13,Bachelors,215,HR Manager
1597,47,Male,IT,6,Bachelors,220,Software Engineer
1598,46,Male,HR,6,Bachelors,226,Recruiter
1599,43,Male,Operations,11,Bachelors,223,Process Analyst
1600,48,Male,IT,10,Masters,221,DevOps Engineer
1601,34,Female,R&D,5,Masters,203,Research Associate
1602,54,Male,R&D,5,Bachelors,201,Lab Engineer
1603,55,Female,R&D,10,Masters,229,R&D Scientist
1604,56,Female,Finance,8,Bachelors,224,Accountant
1605,22,Male,HR,5,Bachelors,212,HR Executive
1606,42,Female,R&D,11,Bachelors,227,Research Associate
1607,27,Female,Marketing,12,Masters,200,Brand Manager
1608,49,Female,Sales,12,PhD,216,Sales Rep
1609,38,Female,Marketing,1,Masters,212,SEO Specialist
1610,26,Male,R&D,1,Bachelors,203,Research Associate
1611,52,Male,Sales,12,Masters,206,Sales Rep
1612,26,Female,Operations,4,Bachelors,216,Process Analyst
1613,59,Male,Marketing,14,Masters,208,SEO Specialist
1614,24,Male,HR,3,Bachelors,203,Recruiter
1615,44,Male,HR,10,Bachelors,218,HR Executive
1616,58,Male,Marketing,1,Bachelors,200,SEO Specialist
1617,58,Male,R&D,14,Masters,209,R&D Scientist
1618,31,Female,HR,14,Bachelors,203,HR Executive
1619,31,Male,Operations,2,Masters,208,Logistics Coordinator
1620,40,Male,IT,6,Bachelors,212,DevOps Engineer
1621,38,Male,R&D,7,Masters,213,R&D Scientist
1622,42,Male,Operations,11,Masters,209,Operations Manager
1623,35,Female,Sales,12,Masters,205,Sales Executive
1624,30,Female,Operations,5,Bachelors,215,Logistics Coordinator
1625,22,Female,R&D,10,Bachelors,205,Research Associate
1626,34,Female,Sales,4,Bachelors,216,Sales Manager
1627,25,Male,R&D,12,Masters,209,Research Associate
1628,22,Female,HR,0,Bachelors,217,HR Manager
1629,53,Male,IT,7,Bachelors,226,System Analyst
1630,55,Male,R&D,2,Bachelors,221,Lab Engineer
1631,49,Male,R&D,14,Bachelors,217,R&D Scientist
1632,52,Male,HR,5,Masters,202,Recruiter
1633,29,Male,Finance,2,Bachelors,219,Finance Manager
1634,47,Female,HR,6,Masters,226,Recruiter
1635,55,Female,Sales,12,Bachelors,220,Sales Manager
1636,24,Female,HR,13,Bachelors,224,HR Manager
1637,33,Female,HR,6,Bachelors,227,HR Executive
1638,22,Male,IT,11,Bachelors,214,DevOps Engineer
1639,26,Female,HR,14,Bachelors,214,HR Manager
1640,51,Male,R&D,8,Masters,203,Lab Engineer
1641,51,Female,IT,4,Bachelors,228,DevOps Engineer
1642,38,Male,Marketing,14,Masters,226,SEO Specialist
1643,44,Male,Finance,7,Bachelors,208,Finance Manager
1644,36,Female,IT,9,Bachelors,226,System Analyst
1645,58,Male,Sales,9,Masters,225,Sales Manager
1646,42,Male,Marketing,7,Bachelors,218,SEO Specialist
1647,35,Female,IT,0,Bachelors,223,System Analyst
1648,23,Male,IT,11,Bachelors,227,DevOps Engineer
1649,32,Female,Finance,4,Bachelors,216,Financial Analyst
1650,59,Female,R&D,2,Masters,210,Lab Engineer
1651,55,Female,Sales,0,Bachelors,224,Sales Executive
1652,59,Male,Operations,3,Masters,208,Operations Manager
1653,55,Male,Operations,7,Masters,209,Operations Manager
1654,39,Male,IT,2,Bachelors,217,Software Engineer
1655,51,Female,HR,9,Masters,219,HR Executive
1656,36,Male,Sales,1,Bachelors,212,Sales Executive
1657,48,Female,Marketing,10,PhD,207,Brand Manager
1658,55,Female,HR,8,Bachelors,206,Recruiter
1659,59,Male,HR,9,Masters,216,HR Manager
1660,54,Female,Sales,4,Bachelors,220,Sales Manager
1661,45,Male,R&D,13,Bachelors,222,Research Associate
1662,36,Male,IT,6,Masters,214,System Analyst
1663,51,Male,IT,10,Masters,219,System Analyst
1664,38,Male,IT,10,Bachelors,214,Software Engineer
1665,26,Male,IT,1,Bachelors,200,System Analyst
1666,50,Female,Operations,8,Masters,224,Operations Manager
1667,25,Female,IT,12,Masters,213,Software Engineer
1668,31,Female,Operations,8,PhD,204,Logistics Coordinator
1669,38,Male,Operations,3,Masters,210,Operations Manager
1670,31,Male,R&D,3,PhD,215,Research Associate
1671,38,Male,IT,5,Masters,201,System Analyst
1672,41,Female,Finance,9,Bachelors,207,Financial Analyst
1673,45,Male,Marketing,9,Bachelors,210,Brand Manager
1674,26,Female,HR,9,Masters,228,HR Executive
1675,55,Female,Operations,5,Masters,217,Logistics Coordinator
1676,27,Male,Sales,11,Bachelors,202,Sales Rep
1677,23,Male,Sales,0,Bachelors,229,Sales Executive
1678,34,Female,Marketing,13,PhD,225,Marketing Executive
1679,32,Male,Sales,13,Bachelors,200,Sales Executive
1680,44,Female,Finance,8,Bachelors,210,Financial Analyst
1681,37,Male,Sales,1,Bachelors,215,Sales Executive
1682,52,Male,HR,4,Bachelors,217,HR Manager
1683,32,Female,HR,8,Bachelors,229,Recruiter
1684,37,Male,Operations,3,Bachelors,215,Operations Manager
1685,29,Female,IT,10,Bachelors,222,Software Engineer
1686,25,Male,R&D,2,Masters,209,R&D Scientist
1687,25,Female,Finance,14,Bachelors,217,Finance Manager
1688,46,Female,Operations,6,Masters,205,Operations Manager
1689,24,Male,Finance,5,Masters,218,Financial Analyst
1690,53,Female,IT,7,Bachelors,203,Software Engineer
1691,24,Male,Sales,2,Masters,226,Sales Executive
1692,48,Male,Sales,4,Bachelors,212,Sales Rep
1693,50,Male,R&D,9,Masters,223,R&D Scientist
1694,53,Female,IT,3,Bachelors,213,DevOps Engineer
1695,40,Female,Operations,14,Masters,202,Process Analyst
1696,42,Male,R&D,12,Masters,209,R&D Scientist
1697,26,Male,IT,3,Bachelors,205,DevOps Engineer
1698,39,Female,Marketing,3,Bachelors,200,Marketing Executive
1699,49,Male,HR,9,Masters,222,HR Executive
1700,43,Male,R&D,7,Masters,223,R&D Scientist
1701,42,Female,R&D,5,Bachelors,226,Lab Engineer
1702,27,Male,Operations,2,Masters,213,Process Analyst
1703,22,Female,Finance,9,Bachelors,207,Financial Analyst
1704,26,Male,Marketing,4,Masters,218,Brand Manager
1705,33,Female,Operations,5,Bachelors,213,Operations Manager
1706,47,Male,IT,4,Masters,209,System Analyst
1707,55,Male,IT,5,Bachelors,216,DevOps Engineer
1708,35,Female,IT,7,Bachelors,208,Software Engineer
1709,47,Male,IT,6,Bachelors,228,System Analyst
1710,48,Female,Finance,4,Bachelors,205,Financial Analyst
1711,30,Male,Marketing,9,Bachelors,210,Brand Manager
1712,47,Female,Sales,5,Bachelors,224,Sales Executive
1713,43,Female,HR,13,Masters,206,HR Executive
1714,51,Female,Finance,3,Bachelors,216,Finance Manager
1715,38,Female,Finance,11,Bachelors,227,Accountant
1716,47,Male,Sales,8,Bachelors,227,Sales Executive
1717,57,Male,Sales,12,Bachelors,200,Sales Executive
1718,22,Female,HR,3,Bachelors,221,HR Executive
1719,29,Female,HR,0,Bachelors,204,Recruiter
1720,56,Female,Sales,6,Bachelors,208,Sales Manager
1721,36,Male,IT,6,Bachelors,217,DevOps Engineer
1722,43,Male,Finance,3,Bachelors,223,Finance Manager
1723,35,Male,Operations,12,Bachelors,226,Logistics Coordinator
1724,47,Male,HR,13,Bachelors,220,HR Executive
1725,49,Female,HR,2,Bachelors,201,HR Manager
1726,44,Female,Sales,7,PhD,228,Sales Manager
1727,35,Female,Marketing,4,Bachelors,225,SEO Specialist
1728,45,Male,Operations,9,Masters,210,Process Analyst
1729,23,Male,Operations,6,Bachelors,226,Operations Manager
1730,47,Male,HR,3,Masters,227,HR Executive
1731,35,Female,IT,3,Masters,205,System Analyst
1732,28,Female,Marketing,7,Bachelors,225,SEO Specialist
1733,24,Male,Operations,13,PhD,207,Process Analyst
1734,44,Female,HR,7,Bachelors,203,HR Executive
1735,39,Male,Operations,1,Bachelors,217,Process Analyst
1736,59,Male,R&D,13,Masters,227,R&D Scientist
1737,56,Female,Marketing,1,Masters,210,SEO Specialist
1738,36,Male,Marketing,2,Bachelors,204,Marketing Executive
1739,46,Female,R&D,14,Bachelors,214,Lab Engineer
1740,58,Male,Finance,11,Bachelors,227,Accountant
1741,49,Female,R&D,11,Bachelors,217,R&D Scientist
1742,31,Female,Sales,2,Masters,201,Sales Rep
1743,38,Female,Sales,0,Bachelors,221,Sales Manager
1744,43,Male,HR,14,Bachelors,210,HR Manager
1745,47,Male,Marketing,13,Bachelors,225,Marketing Executive
1746,46,Female,Finance,2,Bachelors,224,Accountant
1747,38,Female,Finance,5,Bachelors,212,Financial Analyst
1748,34,Male,Operations,7,Masters,203,Process Analyst
1749,41,Male,Operations,12,PhD,221,Logistics Coordinator
1750,46,Male,R&D,11,Masters,206,R&D Scientist
1751,25,Female,Finance,13,Bachelors,228,Finance Manager
1752,31,Male,R&D,9,Masters,210,Lab Engineer
1753,24,Male,R&D,5,Masters,221,Lab Engineer
1754,39,Female,Operations,4,Masters,223,Logistics Coordinator
1755,57,Male,Marketing,14,Bachelors,203,Marketing Executive
1756,43,Male,R&D,3,Bachelors,227,R&D Scientist
1757,55,Male,IT,2,Bachelors,214,System Analyst
1758,29,Female,Marketing,12,Bachelors,200,Marketing Executive
1759,40,Female,Finance,3,Bachelors,222,Financial Analyst
1760,58,Female,Finance,13,Bachelors,202,Finance Manager
1761,27,Female,R&D,6,Bachelors,213,Lab Engineer
1762,47,Female,Marketing,0,Masters,205,Brand Manager
1763,55,Female,Operations,6,Bachelors,217,Operations Manager
1764,27,Female,Operations,0,Bachelors,224,Operations Manager
1765,58,Male,Sales,1,PhD,200,Sales Executive
1766,54,Male,Finance,14,Masters,205,Financial Analyst
1767,43,Female,HR,3,Masters,205,HR Manager
1768,42,Male,Sales,0,PhD,220,Sales Manager
1769,27,Male,Operations,10,Bachelors,215,Process Analyst
1770,27,Female,Marketing,11,PhD,228,Brand Manager
1771,25,Male,Operations,10,Bachelors,204,Logistics Coordinator
1772,51,Male,Marketing,14,Bachelors,216,Marketing Executive
1773,32,Male,Sales,10,Bachelors,209,Sales Manager
1774,51,Male,Finance,8,Bachelors,227,Accountant
1775,52,Male,Operations,11,Bachelors,220,Logistics Coordinator
1776,45,Female,R&D,5,Masters,217,Research Associate
1777,30,Female,Marketing,12,Masters,206,Marketing Executive
1778,24,Female,Finance,0,Bachelors,202,Financial Analyst
1779,52,Male,HR,0,Bachelors,212,Recruiter
1780,58,Female,Marketing,5,Masters,214,SEO Specialist
1781,57,Male,Sales,3,Masters,219,Sales Rep
1782,45,Male,HR,3,Bachelors,218,Recruiter
1783,52,Male,HR,14,Masters,202,HR Executive
1784,27,Male,IT,10,Bachelors,203,DevOps Engineer
1785,23,Female,Operations,14,Bachelors,204,Process Analyst
1786,41,Female,Marketing,5,Masters,200,Marketing Executive
1787,49,Male,HR,14,Bachelors,203,HR Manager
1788,32,Female,IT,13,Bachelors,211,System Analyst
1789,25,Male,Sales,11,Masters,227,Sales Manager
1790,36,Female,Finance,10,Masters,226,Finance Manager
1791,27,Female,R&D,6,Bachelors,223,R&D Scientist
1792,51,Male,R&D,8,Bachelors,209,R&D Scientist
1793,59,Female,Marketing,9,Bachelors,222,Marketing Executive
1794,23,Male,HR,4,Masters,224,Recruiter
1795,36,Female,R&D,8,Bachelors,220,Research Associate
1796,32,Male,Operations,3,Bachelors,228,Process Analyst
1797,29,Male,R&D,12,PhD,225,Research Associate
1798,47,Female,R&D,9,Bachelors,219,Lab Engineer
1799,26,Female,R&D,1,Bachelors,223,Lab Engineer
1800,27,Male,IT,2,Bachelors,224,DevOps Engineer
